{"is_source_file": true, "format": "Python", "description": "This file defines a FastAPI application with CORS middleware configured and a simple health check endpoint.", "external_files": ["fastapi", "fastapi.middleware.cors"], "external_methods": ["FastAPI", "CORSMiddleware"], "published": ["app"], "classes": [], "methods": [{"name": "health_check()", "description": "A GET endpoint at '/' that returns a message indicating the service is healthy.", "scope": "", "scopeKind": ""}], "calls": ["FastAPI()", "app.add_middleware", "CORSMiddleware", "app.get"], "search-terms": ["FastAPI", "CORS middleware", "health check endpoint", "main.py", "API server"], "state": 2, "file_id": 1, "knowledge_revision": 9, "git_revision": "57e53ca179be423e84db857c9cba659860fd7bf1", "ctags": [{"_type": "tag", "name": "app", "path": "/home/kavia/workspace/code-generation/gpu-resource-aggregation-platform-315194-315205/mcp_backend/src/api/main.py", "pattern": "/^app = FastAPI()$/", "language": "Python", "kind": "variable"}, {"_type": "tag", "name": "health_check", "path": "/home/kavia/workspace/code-generation/gpu-resource-aggregation-platform-315194-315205/mcp_backend/src/api/main.py", "pattern": "/^def health_check():$/", "language": "Python", "kind": "function", "signature": "()"}], "hash": "58352bf5f133908bab16643199aa483d", "format-version": 4, "code-base-name": "mcp_backend", "filename": "mcp_backend/src/api/main.py", "fields": [{"name": "app = FastAPI()", "scope": "", "scopeKind": "", "description": "unavailable"}], "revision_history": [{"9": "57e53ca179be423e84db857c9cba659860fd7bf1"}]}